sensitive-attribute,Y,scores,D,dis
0,0,0.514689336105574,1,1.0
0,0,0.18453416641191261,0,1.0
0,0,0.3664908675110886,0,1.0
0,0,0.15981346532557972,0,1.0
0,0,0.43988069586048373,0,1.0
0,0,0.26399774565969153,0,1.0
0,0,0.6300672717702587,1,1.0
1,1,0.06582122632305766,0,1.0
0,1,0.2635600928877523,0,1.0
0,0,0.2808814039177007,0,1.0
0,0,0.3788455502571261,0,1.0
0,0,0.19544599521723516,0,1.0
0,1,0.5951142735566597,1,1.0
0,0,0.3076906179126687,0,1.0
1,1,0.18805632629314628,0,1.0
0,0,0.28934641463046257,0,1.0
0,0,0.10917805412747268,0,1.0
0,1,0.39684503148285577,0,1.0
1,0,0.041547493148990214,0,1.0
0,0,0.23884949153938112,0,1.0
0,1,0.21115438618036272,0,1.0
0,0,0.10505211842300645,0,1.0
0,1,0.4596742165656,0,1.0
0,0,0.26109449188227085,0,1.0
0,0,0.41364760994218586,0,1.0
0,0,0.14823735395419302,0,1.0
0,1,0.6286082511937432,1,1.0
0,0,0.37423883590389107,0,1.0
0,0,0.07062891015694368,0,1.0
0,1,0.5883526659389433,1,1.0
0,0,0.31556030671699253,0,1.0
0,1,0.346377549390698,0,1.0
0,0,0.032316481239364384,0,1.0
0,1,0.33264763697865796,0,1.0
0,0,0.35684120938257413,0,1.0
1,0,0.276074899861873,0,1.0
0,1,0.3449526870231027,0,1.0
0,0,0.3593851477995296,0,1.0
0,0,0.26344827933519976,0,1.0
1,0,0.07135140730347575,0,1.0
0,0,0.054788465479779294,0,1.0
1,0,0.07548587263005826,0,1.0
0,0,0.14782761142467385,0,1.0
0,1,0.13319748372560206,0,1.0
0,0,0.39394164394423176,0,1.0
1,0,0.3003902242356243,0,1.0
0,1,0.5036869410447619,1,1.0
0,1,0.20193316756397434,0,1.0
0,0,0.5063344287534075,1,1.0
0,0,0.6887628625510419,1,1.0
1,0,0.32221578778383747,0,1.0
0,0,0.34583198009200894,0,1.0
0,1,0.7014330341376167,1,1.0
0,0,0.007477390326631081,0,1.0
1,0,0.13474073413903936,0,1.0
1,1,0.06654513459993296,0,1.0
0,1,0.3847737771585361,0,1.0
0,0,0.32788071659570156,0,1.0
0,0,0.36315777967333546,0,1.0
0,1,0.2863297941382753,0,1.0
0,0,0.43612077214726225,0,1.0
0,0,0.3055646123810895,0,1.0
0,1,0.15684282067297142,0,1.0
0,0,0.28271449867134085,0,1.0
1,0,0.1294578450554063,0,1.0
0,1,0.6284304527627219,1,1.0
0,0,0.21805521623910532,0,1.0
0,0,0.2039876473619808,0,1.0
0,0,0.2503984460395169,0,1.0
0,0,0.007477390326631081,0,1.0
0,0,0.07794820848698664,0,1.0
0,0,0.1985792795544373,0,1.0
0,0,0.36287004660962596,0,1.0
0,0,0.25698177267424116,0,1.0
0,0,0.2746031861457741,0,1.0
0,0,0.32531462573018594,0,1.0
0,0,0.14747166169237608,0,1.0
0,1,0.11031747460777555,0,1.0
0,1,0.4558081101284882,0,1.0
0,1,0.49356979946897583,0,1.0
0,0,0.24507927230093104,0,1.0
0,0,0.12018820322828211,0,1.0
0,1,0.26362773979561505,0,1.0
0,0,0.44299193371504375,0,1.0
0,1,0.38391271556998846,0,1.0
0,1,0.8118076271723129,1,1.0
0,0,0.03607564131314266,0,1.0
0,0,0.21554879470757896,0,1.0
1,0,0.3489536618534114,0,1.0
1,0,0.07886710995115521,0,1.0
0,0,0.25145268835066115,0,1.0
0,1,0.4192678793306971,0,1.0
0,0,0.1561607971177489,0,1.0
0,0,0.16712966889060954,0,1.0
0,1,0.29956689217064403,0,1.0
0,0,0.5770336580322599,1,1.0
0,1,0.35989928531117904,0,1.0
0,0,0.4603839621930418,0,1.0
0,1,0.6962914175134088,1,1.0
0,0,0.09458266099950557,0,1.0
1,0,0.13914615929667346,0,1.0
0,0,0.007477390326631081,0,1.0
0,1,0.16851535203010165,0,1.0
0,1,0.5803255059123914,1,1.0
0,0,0.19581192456907393,0,1.0
0,1,0.3880606559427576,0,1.0
0,0,0.3040784766375624,0,1.0
0,1,0.5728057479491379,1,1.0
0,0,0.26740831882518545,0,1.0
0,1,0.3513343873182536,0,1.0
0,0,0.5405570768248973,1,1.0
0,0,0.37003080009944134,0,1.0
0,0,0.12561426089679426,0,1.0
0,0,0.6880630159459269,1,1.0
0,0,0.18021113644985062,0,1.0
0,1,0.4060041192969136,0,1.0
0,0,0.21935857164525047,0,1.0
0,0,0.19150364203613462,0,1.0
0,0,0.2837340924749652,0,1.0
0,0,0.23879435024229323,0,1.0
0,0,0.6757455455498615,1,1.0
0,0,0.39975962340906684,0,1.0
0,0,0.2109998130027581,0,1.0
0,0,0.19834716536250666,0,1.0
0,1,0.363264919910334,0,1.0
0,0,0.4389092128734474,0,1.0
0,0,0.23291136695469225,0,1.0
0,0,0.432252894273045,0,1.0
0,0,0.22833939093796596,0,1.0
0,0,0.4307722019452552,0,1.0
0,0,0.0736811966382324,0,1.0
0,0,0.25861567724648604,0,1.0
0,1,0.6177713171875217,1,1.0
0,1,0.2479823054040702,0,1.0
0,0,0.20265365483760436,0,1.0
0,0,0.2519654954202808,0,1.0
0,0,0.32988773185256637,0,1.0
0,0,0.22531531749954198,0,1.0
0,1,0.17605400349047282,0,1.0
0,0,0.38556417938443815,0,1.0
0,1,0.5341938268794442,1,1.0
0,1,0.06684461505639593,0,1.0
1,0,0.08039084770305788,0,1.0
0,0,0.2933938699123347,0,1.0
0,0,0.29361487920511986,0,1.0
0,1,0.2887840781153888,0,1.0
0,0,0.3658788481238885,0,1.0
1,0,0.1464020969383677,0,1.0
0,1,0.28226631688106724,0,1.0
0,0,0.22539521591055825,0,1.0
0,0,0.23919434956134933,0,1.0
0,0,0.20899577641284706,0,1.0
0,0,0.4693398339888508,0,1.0
0,0,0.6551590200508963,1,1.0
0,0,0.3458149686175319,0,1.0
1,0,0.11579205437764122,0,1.0
0,0,0.1953461559654006,0,1.0
0,1,0.4774773274565563,0,1.0
0,0,0.3693477022462385,0,1.0
0,1,0.13371026204899905,0,1.0
0,0,0.08934006638896637,0,1.0
1,0,0.21428759035903705,0,1.0
0,0,0.21225444741932165,0,1.0
0,1,0.11703505228395217,0,1.0
0,0,0.5020407144482858,1,1.0
0,1,0.6547687371107037,1,1.0
0,0,0.21918763686166934,0,1.0
0,0,0.2110607414337249,0,1.0
0,1,0.41223327831658163,0,1.0
0,1,0.6933449134935993,1,1.0
0,1,0.44367350566419755,0,1.0
0,0,0.3708659039863234,0,1.0
0,1,0.6276870110954208,1,1.0
0,0,0.02497523682500604,0,1.0
0,0,0.23907945649515133,0,1.0
0,0,0.3592923198701202,0,1.0
0,0,0.4189639285738053,0,1.0
1,0,0.12343006322637426,0,1.0
1,0,0.3368654268613943,0,1.0
0,0,0.033481784553693404,0,1.0
0,1,0.3696443326263557,0,1.0
0,0,0.48876694779475355,0,1.0
0,1,0.3727359728633875,0,1.0
0,0,0.27831121340776516,0,1.0
0,0,0.054952066014499076,0,1.0
0,1,0.6553940534891195,1,1.0
0,0,0.13349979481797877,0,1.0
1,0,0.1741455402657295,0,1.0
0,0,0.46431679282201604,0,1.0
0,0,0.29066583998338674,0,1.0
0,0,0.03571309775249517,0,1.0
0,1,0.23152974931565878,0,1.0
0,0,0.20821938585054559,0,1.0
1,0,0.1629312595256012,0,1.0
0,0,0.24004643134990636,0,1.0
0,1,0.5247703037708888,1,1.0
0,1,0.37365759604401094,0,1.0
0,0,0.2554754263396018,0,1.0
0,0,0.30579050452233436,0,1.0
0,0,0.26848089982950113,0,1.0
0,0,0.12940678379061193,0,1.0
0,0,0.006997203062935857,0,1.0
0,0,0.20406362440836504,0,1.0
0,1,0.4358505380320289,0,1.0
0,0,0.23954121813302565,0,1.0
0,1,0.43124387462041114,0,1.0
1,0,0.15095993831578577,0,1.0
0,0,0.5551557543184126,1,1.0
0,1,0.2932641048404972,0,1.0
0,0,0.013830714938673003,0,1.0
0,0,0.6462905708523472,1,1.0
0,0,0.6896759733569684,1,1.0
0,0,0.4198476623086691,0,1.0
0,0,0.4277133825988444,0,1.0
0,0,0.37245872085060044,0,1.0
0,0,0.2573652054824935,0,1.0
0,0,0.27680998178717997,0,1.0
0,0,0.08513533977594086,0,1.0
0,1,0.3669052499518423,0,1.0
0,0,0.5010518710475164,1,1.0
0,0,0.35137609395323044,0,1.0
0,0,0.062464243064140924,0,1.0
0,0,0.1570171573100513,0,1.0
0,0,0.13392402374543072,0,1.0
0,1,0.15616579355275076,0,1.0
0,0,0.021620637285237193,0,1.0
0,0,0.20491853908241459,0,1.0
1,1,0.7018609107560958,1,1.0
0,0,0.3526968856283122,0,1.0
1,0,0.23685525623997003,0,1.0
0,0,0.4106726020638443,0,1.0
0,0,0.06900307126204615,0,1.0
0,0,0.28064111512451206,0,1.0
0,0,0.6211391622362207,1,1.0
0,0,0.1231325823605152,0,1.0
0,0,0.24753685156343738,0,1.0
1,1,0.3826587126196263,0,1.0
0,1,0.576203492669892,1,1.0
0,1,0.5514363564769078,1,1.0
1,0,0.022943930516646952,0,1.0
0,0,0.13941899737182573,0,1.0
1,0,0.07641692994295408,0,1.0
0,0,0.46023342702712233,0,1.0
0,0,0.270086027900938,0,1.0
0,0,0.07819312787784793,0,1.0
0,1,0.3734583215513184,0,1.0
0,0,0.0898883032183841,0,1.0
0,1,0.5628909647711584,1,1.0
0,0,0.1367500073557072,0,1.0
0,0,0.09610225298762538,0,1.0
0,0,0.5350317231971652,1,1.0
0,1,0.691224431287424,1,1.0
1,1,0.24115566703817365,0,1.0
0,1,0.04434423452578752,0,1.0
0,1,0.6281682735576447,1,1.0
1,0,0.3762427200230175,0,1.0
0,0,0.44560453307931114,0,1.0
0,0,0.10872550826640832,0,1.0
0,1,0.3783876469796084,0,1.0
0,0,0.3972791957711515,0,1.0
0,1,0.22314886809309062,0,1.0
0,0,0.2609987654114806,0,1.0
0,0,0.25157223775577986,0,1.0
1,0,0.16619437093706627,0,1.0
0,0,0.12289260721584785,0,1.0
0,0,0.44213805467877243,0,1.0
0,0,0.10236219865461058,0,1.0
0,0,0.4316081600855423,0,1.0
0,0,0.4610289502009747,0,1.0
1,1,0.29356687909112733,0,1.0
0,0,0.1935246950905664,0,1.0
0,1,0.3895294149102533,0,1.0
0,0,0.11589144297770033,0,1.0
0,0,0.2479999834074897,0,1.0
0,1,0.07175354104940845,0,1.0
0,0,0.19719193993596024,0,1.0
0,1,0.4201734222387446,0,1.0
0,0,0.20840190159799557,0,1.0
0,1,0.3215396023825143,0,1.0
0,0,0.21895478026254028,0,1.0
0,0,0.1505191681500571,0,1.0
1,0,0.06425346007363979,0,1.0
0,0,0.1570171573100513,0,1.0
0,0,0.25130299776562487,0,1.0
1,0,0.10435870268559568,0,1.0
0,0,0.02756705951890288,0,1.0
0,1,0.6097183791416776,1,1.0
0,0,0.35447700984801483,0,1.0
1,0,0.051505622523419226,0,1.0
0,0,0.11221547283351849,0,1.0
0,0,0.3615278603933496,0,1.0
1,0,0.041547493148990214,0,1.0
0,0,0.419159718103317,0,1.0
1,0,0.2429924672019139,0,1.0
0,0,0.04154094415150891,0,1.0
0,0,0.5116878886364272,1,1.0
0,1,0.42254801138261633,0,1.0
0,0,0.3569741963141633,0,1.0
0,1,0.46914172776813057,0,1.0
0,1,0.49496774116844416,0,1.0
0,0,0.3805354593269914,0,1.0
0,0,0.5038183593937093,1,1.0
0,0,0.250322951288331,0,1.0
0,0,0.08090721630999849,0,1.0
0,0,0.14431245747665428,0,1.0
0,1,0.5542677142212081,1,1.0
0,0,0.24675180969157737,0,1.0
0,0,0.1711488639035807,0,1.0
0,0,0.20800450365714468,0,1.0
1,0,0.18093592980092027,0,1.0
0,1,0.4372762051890921,0,1.0
0,1,0.572305422700144,1,1.0
0,0,0.31158205015739676,0,1.0
0,0,0.12299551552919036,0,1.0
0,0,0.15817753850559052,0,1.0
0,1,0.6911981544061319,1,1.0
0,1,0.43911208007682656,0,1.0
0,1,0.28620309901012647,0,1.0
0,0,0.22272679730970102,0,1.0
0,0,0.27564572101448215,0,1.0
0,0,0.2949341186681751,0,1.0
1,0,0.32915679678682824,0,1.0
0,0,0.43002444751450825,0,1.0
0,0,0.31459516319708947,0,1.0
0,0,0.036335655055666195,0,1.0
0,1,0.255689949499438,0,1.0
1,0,0.40233830081002825,0,1.0
0,0,0.2534182977857382,0,1.0
1,0,0.20695908526718335,0,1.0
0,0,0.4107678419149806,0,1.0
0,0,0.16499103803562876,0,1.0
0,0,0.052065535179483875,0,1.0
0,1,0.14601923849302403,0,1.0
0,0,0.5072124915203203,1,1.0
0,0,0.421164612418488,0,1.0
0,0,0.2815218847020356,0,1.0
0,0,0.2699117637326155,0,1.0
0,1,0.2845612525585705,0,1.0
0,0,0.48262477591422986,0,1.0
0,0,0.34503143707805783,0,1.0
1,0,0.09959491282166845,0,1.0
0,0,0.11943075661046554,0,1.0
0,1,0.3022320424320973,0,1.0
0,0,0.5768779873680949,1,1.0
0,0,0.32479832535291886,0,1.0
0,0,0.08880500593015428,0,1.0
0,0,0.11543092577542521,0,1.0
0,0,0.007226504952101092,0,1.0
1,0,0.13773167686314275,0,1.0
0,0,0.3691728459337775,0,1.0
0,1,0.2308882499522077,0,1.0
0,1,0.6411794818088431,1,1.0
0,1,0.37452008722472124,0,1.0
0,0,0.06450167901485798,0,1.0
1,0,0.1215511325750902,0,1.0
0,0,0.021767029582413736,0,1.0
0,0,0.250529505329283,0,1.0
0,1,0.334797610020195,0,1.0
0,0,0.06888051679445617,0,1.0
0,0,0.09661350964102661,0,1.0
0,1,0.3029054782683855,0,1.0
0,0,0.226964544090957,0,1.0
0,0,0.1953461559654006,0,1.0
0,0,0.19967801337773808,0,1.0
0,0,0.5013868979634817,1,1.0
0,0,0.48826203319924244,0,1.0
0,1,0.22416484896271952,0,1.0
1,1,0.20666231671417987,0,1.0
0,0,0.1735219892294073,0,1.0
0,0,0.6557452832581712,1,1.0
0,1,0.61349898253711,1,1.0
0,0,0.22167732450847769,0,1.0
0,1,0.639486344325681,1,1.0
0,1,0.22422546309760658,0,1.0
0,0,0.17419451050024365,0,1.0
0,0,0.3269400759023821,0,1.0
0,0,0.1923839342251731,0,1.0
0,1,0.49678562405684124,0,1.0
0,0,0.34906843653427283,0,1.0
0,0,0.25145268835066115,0,1.0
0,0,0.29972586464994344,0,1.0
0,0,0.12000154967380505,0,1.0
0,1,0.5360849390679573,1,1.0
0,0,0.13005906212810017,0,1.0
0,1,0.44860919080489464,0,1.0
0,1,0.697481305206239,1,1.0
0,0,0.3045825144401394,0,1.0
1,0,0.010970674315050513,0,1.0
0,0,0.32788071659570156,0,1.0
1,0,0.08352159140870155,0,1.0
0,0,0.8071556784362216,1,1.0
0,0,0.11286124873225192,0,1.0
1,0,0.11869910955202916,0,1.0
0,0,0.39789226503898484,0,1.0
0,0,0.31052295721807743,0,1.0
0,0,0.22409668039858935,0,1.0
0,0,0.13484004811717634,0,1.0
0,1,0.26973090103752717,0,1.0
0,0,0.42292905450137475,0,1.0
0,1,0.7672085405631106,1,1.0
0,0,0.20366551327072918,0,1.0
0,0,0.23985359057549635,0,1.0
0,0,0.07008134739961612,0,1.0
0,0,0.593290009954073,1,1.0
0,0,0.26568014837126563,0,1.0
0,1,0.303608991737411,0,1.0
0,1,0.5407020001405765,1,1.0
1,0,0.09750589777930652,0,1.0
0,0,0.3075965244899728,0,1.0
0,0,0.5883759895417552,1,1.0
0,0,0.20316769430151757,0,1.0
0,0,0.11589615890089346,0,1.0
0,0,0.12752018747530197,0,1.0
0,0,0.13461452408858204,0,1.0
1,0,0.1828318672830904,0,1.0
0,0,0.504745663369064,1,1.0
0,1,0.22103951113069503,0,1.0
0,1,0.5544820654917915,1,1.0
0,0,0.488971795070311,0,1.0
0,0,0.33660216138390214,0,1.0
0,0,0.36073055561789785,0,1.0
0,1,0.667193796202773,1,1.0
0,1,0.30612781533577954,0,1.0
0,0,0.1065244961407881,0,1.0
0,0,0.35115066213603546,0,1.0
0,1,0.7677851026355521,1,1.0
0,1,0.19208353446540283,0,1.0
0,0,0.38764433783191987,0,1.0
0,0,0.010633708211807329,0,1.0
0,1,0.39671234293892366,0,1.0
0,0,0.3168895709944647,0,1.0
0,0,0.09543074439007454,0,1.0
1,1,0.2320394699091726,0,1.0
0,0,0.538529382506558,1,1.0
0,0,0.43155005574917243,0,1.0
0,1,0.3057964187014812,0,1.0
0,0,0.264933656312409,0,1.0
0,1,0.30616282338654915,0,1.0
0,0,0.5133791283880496,1,1.0
0,0,0.2944301677938382,0,1.0
0,0,0.28696172267124864,0,1.0
0,0,0.3914711452757808,0,1.0
0,0,0.36210975574626636,0,1.0
0,0,0.13777784809720775,0,1.0
0,0,0.10341893787217983,0,1.0
0,1,0.7007790321089831,1,1.0
0,1,0.28728590477557114,0,1.0
0,0,0.17580775116905295,0,1.0
0,1,0.6536121562556872,1,1.0
0,0,0.3937524607937106,0,1.0
0,1,0.6461082543843939,1,1.0
1,1,0.0034905097245237523,0,1.0
0,1,0.34473972528453306,0,1.0
0,1,0.37769064727166074,0,1.0
0,0,0.016229968320729805,0,1.0
0,0,0.36579402824769863,0,1.0
1,0,0.2802228226827471,0,1.0
0,1,0.5938327733035407,1,1.0
0,0,0.2597946486269089,0,1.0
0,1,0.326047869091866,0,1.0
0,1,0.26234987565794127,0,1.0
0,0,0.75602858878444,1,1.0
0,0,0.23365769327085248,0,1.0
0,0,0.4304914634943527,0,1.0
0,0,0.22800462329932977,0,1.0
0,0,0.13956344788545239,0,1.0
0,0,0.4251045063008388,0,1.0
0,0,0.377354485864486,0,1.0
0,0,0.4772035346880084,0,1.0
0,0,0.4572057535513956,0,1.0
0,0,0.0808853788391284,0,1.0
0,0,0.4670598699341923,0,1.0
0,0,0.2919431307285748,0,1.0
0,1,0.6634149940507572,1,1.0
0,0,0.2842292324808278,0,1.0
0,0,0.29411689976942584,0,1.0
0,1,0.33893441175513017,0,1.0
1,1,0.028892599599415734,0,1.0
0,1,0.20029795641530151,0,1.0
0,0,0.17274194837929718,0,1.0
0,0,0.4115987937978264,0,1.0
0,0,0.37758066394893547,0,1.0
0,0,0.6707962754663261,1,1.0
0,1,0.3307857201535901,0,1.0
0,0,0.05929196302585412,0,1.0
1,0,0.31867420564116994,0,1.0
0,0,0.378816579696589,0,1.0
0,1,0.23735326329264667,0,1.0
0,1,0.3827394092325238,0,1.0
0,0,0.6220298836353478,1,1.0
0,0,0.20050147465995433,0,1.0
0,0,0.5061129964195958,1,1.0
0,0,0.4889411902063347,0,1.0
0,0,0.23386125643907127,0,1.0
0,0,0.10785537936983358,0,1.0
0,0,0.38310892226604154,0,1.0
0,0,0.44685304528454495,0,1.0
0,0,0.3393468133102829,0,1.0
0,0,0.7125282877528367,1,1.0
0,0,0.07223424122175445,0,1.0
0,0,0.14608053965409248,0,1.0
0,0,0.22791035284716718,0,1.0
0,1,0.4393359669844751,0,1.0
0,1,0.5344045464967229,1,1.0
0,0,0.2685554348979703,0,1.0
1,0,0.10325212257899388,0,1.0
0,0,0.1694838518922518,0,1.0
1,0,0.3831680073495705,0,1.0
1,0,0.04387983378099181,0,1.0
0,0,0.1483984517771028,0,1.0
0,1,0.1917843791963915,0,1.0
0,0,0.21095165903557184,0,1.0
0,0,0.4720794945535804,0,1.0
0,0,0.08997320211746022,0,1.0
0,0,0.321660046673706,0,1.0
0,1,0.4486432738397404,0,1.0
0,1,0.3675129574696866,0,1.0
0,0,0.429712487117424,0,1.0
0,0,0.029848793490689075,0,1.0
0,0,0.534715746205766,1,1.0
0,0,0.2414097672391903,0,1.0
0,1,0.5560839450873116,1,1.0
0,0,0.19444684939010254,0,1.0
1,0,0.13154671689853828,0,1.0
0,0,0.08724430248100624,0,1.0
0,1,0.7046482397064948,1,1.0
0,0,0.25946661005707305,0,1.0
0,0,0.08074412545617432,0,1.0
0,0,0.08915049268130502,0,1.0
0,1,0.5160547214425873,1,1.0
0,0,0.3349357228383297,0,1.0
0,0,0.21110555371137127,0,1.0
0,0,0.2646937682259643,0,1.0
0,0,0.17606115000425782,0,1.0
0,1,0.36604900981586164,0,1.0
0,0,0.3415177843003538,0,1.0
0,0,0.21928811264177067,0,1.0
0,0,0.36533637036700684,0,1.0
0,1,0.4505756080641641,0,1.0
1,0,0.22007887466110296,0,1.0
0,0,0.252531834974162,0,1.0
0,0,0.21906813636965392,0,1.0
0,0,0.07455726374838265,0,1.0
0,0,0.16495896911836969,0,1.0
0,0,0.4037118675946507,0,1.0
0,0,0.3595735427614204,0,1.0
0,1,0.31466643724325544,0,1.0
0,0,0.19544599521723516,0,1.0
0,0,0.36110269798695976,0,1.0
0,0,0.36528525907502907,0,1.0
0,0,0.2577485462233645,0,1.0
0,1,0.13283952245608852,0,1.0
0,1,0.5704650650624012,1,1.0
0,1,0.24550701472126024,0,1.0
0,1,0.25048553092804077,0,1.0
0,0,0.35325068034861107,0,1.0
0,0,0.18914591454819607,0,1.0
0,0,0.5958593340898934,1,1.0
0,0,0.36279386880920406,0,1.0
0,0,0.17763213986743007,0,1.0
0,0,0.5006576551255937,1,1.0
0,0,0.37364514648219777,0,1.0
0,0,0.03959413924371052,0,1.0
0,0,0.19899995394548775,0,1.0
0,0,0.4870792792107489,0,1.0
0,0,0.20898336341666224,0,1.0
0,1,0.32228139156857205,0,1.0
0,0,0.20341110217907005,0,1.0
1,1,0.1063187079823186,0,1.0
0,0,0.25603796680167085,0,1.0
0,0,0.3664558643837873,0,1.0
0,1,0.36810801638334206,0,1.0
0,0,0.2126139426080147,0,1.0
0,0,0.310965389801876,0,1.0
0,1,0.7134129624181591,1,1.0
0,1,0.6748606556190976,1,1.0
0,1,0.547580612399915,1,1.0
0,0,0.3623890851886823,0,1.0
1,1,0.12048971320031339,0,1.0
0,1,0.605614310483614,1,1.0
0,0,0.3561408539714297,0,1.0
0,1,0.43025377556620814,0,1.0
0,1,0.3974605974587914,0,1.0
0,1,0.4902408029300843,0,1.0
0,0,0.17110803870654948,0,1.0
0,0,0.40084776191009414,0,1.0
0,0,0.5363673352910052,1,1.0
0,1,0.6524743298471605,1,1.0
0,1,0.00876755280028741,0,1.0
0,1,0.5520961781681389,1,1.0
0,0,0.3259565356519382,0,1.0
1,1,0.2124451695762803,0,1.0
0,1,0.08380796415677545,0,1.0
0,0,0.3269400759023821,0,1.0
0,0,0.23468329857735376,0,1.0
0,0,0.49483174925978785,0,1.0
0,0,0.09596200090937847,0,1.0
0,0,0.3693149246964922,0,1.0
0,0,0.27226606067975917,0,1.0
0,1,0.4089653021923974,0,1.0
0,0,0.22515217774181545,0,1.0
1,0,0.3017753360669301,0,1.0
0,1,0.6015618606244112,1,1.0
0,0,0.21916959967274358,0,1.0
0,1,0.6217440056257699,1,1.0
0,0,0.10517606875366918,0,1.0
0,0,0.17223570442732775,0,1.0
0,0,0.06888051679445617,0,1.0
0,0,0.3170393848365402,0,1.0
0,0,0.2473753544880173,0,1.0
0,0,0.7532366755602784,1,1.0
0,0,0.3659129455337867,0,1.0
1,0,0.0774753768021898,0,1.0
0,0,0.29191267460423137,0,1.0
1,0,0.17367344928537048,0,1.0
1,1,0.27074864121180675,0,1.0
0,0,0.47540788285255003,0,1.0
0,1,0.6788169887483808,1,1.0
0,1,0.2523773462589942,0,1.0
0,0,0.24021915291862078,0,1.0
0,0,0.162463678666698,0,1.0
0,1,0.35182303990891145,0,1.0
1,0,0.183460732014493,0,1.0
1,0,0.2503901102598786,0,1.0
0,0,0.43783082293647707,0,1.0
0,1,0.575861915789462,1,1.0
0,0,0.3787809160689786,0,1.0
0,0,0.29288343528179583,0,1.0
0,1,0.17250284796431237,0,1.0
0,0,0.2652632632035768,0,1.0
0,0,0.49154390000121057,0,1.0
0,0,0.21271702194130362,0,1.0
0,1,0.5631304888143988,1,1.0
0,1,0.5533351550100571,1,1.0
0,0,0.4783406093322293,0,1.0
0,0,0.5949367496216916,1,1.0
0,0,0.4351660959060325,0,1.0
0,0,0.0065600534084630175,0,1.0
1,1,0.21316248422646455,0,1.0
0,0,0.19533053308408158,0,1.0
0,1,0.4650111288607595,0,1.0
0,0,0.3009542282851012,0,1.0
0,0,0.14971947212689576,0,1.0
0,0,0.31219968036805545,0,1.0
0,0,0.4456828636496166,0,1.0
0,1,0.3010519233540407,0,1.0
0,0,0.4423369314679569,0,1.0
0,1,0.7355109402732113,1,1.0
0,1,0.5760621938869609,1,1.0
1,0,0.14753301142675168,0,1.0
0,0,0.36579402824769863,0,1.0
0,0,0.13117220373593744,0,1.0
0,0,0.4018070606623213,0,1.0
0,0,0.4877553695508773,0,1.0
0,0,0.5175568952857709,1,1.0
0,1,0.5383190304253501,1,1.0
0,0,0.2238728652676069,0,1.0
0,1,0.3723033500457884,0,1.0
0,0,0.3943681730062576,0,1.0
0,1,0.258099941978751,0,1.0
0,0,0.6469443457769322,1,1.0
1,0,0.13963992130085365,0,1.0
0,0,0.007960120394810453,0,1.0
0,0,0.6547284751438293,1,1.0
0,1,0.43461948724258176,0,1.0
0,0,0.2849220684739994,0,1.0
0,0,0.2647877558551284,0,1.0
0,0,0.550617724646778,1,1.0
0,1,0.45284110523779697,0,1.0
0,1,0.6402327283574296,1,1.0
0,0,0.09612565962051782,0,1.0
1,0,0.19059069943086543,0,1.0
0,0,0.35413601668681444,0,1.0
0,1,0.10382250281005888,0,1.0
0,0,0.3304344713149201,0,1.0
0,1,0.3675103126748446,0,1.0
0,1,0.17963139259931718,0,1.0
0,0,0.3248008553581801,0,1.0
0,1,0.2968429136235742,0,1.0
0,0,0.17938895000423252,0,1.0
0,1,0.23115594250211713,0,1.0
0,1,0.6059111119979199,1,1.0
0,1,0.6436663183620577,1,1.0
0,0,0.0739973607932769,0,1.0
0,0,0.10023712554493736,0,1.0
0,0,0.3697519483782149,0,1.0
0,1,0.7109246553378782,1,1.0
0,1,0.42154588789833,0,1.0
0,0,0.1642685247658915,0,1.0
0,0,0.5357959279670901,1,1.0
0,0,0.2099604651351995,0,1.0
1,0,0.232304492658914,0,1.0
0,0,0.36179623890330986,0,1.0
0,0,0.21797632891734814,0,1.0
0,0,0.46503005174283385,0,1.0
0,0,0.2595603047704424,0,1.0
0,0,0.4026663235275068,0,1.0
0,1,0.3700883521303536,0,1.0
0,1,0.543390558196156,1,1.0
1,0,0.11668033513713703,0,1.0
0,0,0.2914810143343203,0,1.0
0,0,0.5368336512461772,1,1.0
0,1,0.22766945893945253,0,1.0
0,0,0.15680699165799578,0,1.0
0,0,0.3511227565080213,0,1.0
0,0,0.3415320388198527,0,1.0
0,0,0.29127315527990144,0,1.0
0,1,0.3307857201535901,0,1.0
0,0,0.10870322888041964,0,1.0
0,0,0.25480224341085467,0,1.0
0,0,0.21791561176215019,0,1.0
1,0,0.055132944117487565,0,1.0
0,0,0.3489672290985723,0,1.0
0,0,0.550073194862136,1,1.0
0,0,0.1965683161350536,0,1.0
0,0,0.19084646271763336,0,1.0
0,1,0.47339850622241136,0,1.0
0,0,0.3079534941899019,0,1.0
0,0,0.2046598239662122,0,1.0
0,0,0.21026114033328638,0,1.0
0,0,0.2923528190247143,0,1.0
0,0,0.17093682569413204,0,1.0
0,1,0.44946551563278747,0,1.0
0,1,0.5426571282081644,1,1.0
0,0,0.23085101438574263,0,1.0
0,1,0.27894695074260434,0,1.0
0,1,0.38082633638487423,0,1.0
0,0,0.02163251210074127,0,1.0
0,0,0.6538342104991097,1,1.0
1,0,0.0816523835027528,0,1.0
0,0,0.09430211719567673,0,1.0
0,0,0.21122184205255104,0,1.0
0,1,0.44429498083920915,0,1.0
0,0,0.16987278808948839,0,1.0
0,0,0.5458272967295641,1,1.0
0,0,0.4868458579958662,0,1.0
1,0,0.01731345080098299,0,1.0
0,1,0.5735674433879541,1,1.0
0,1,0.1548075572003937,0,1.0
0,0,0.24811144782918512,0,1.0
0,0,0.19386680965979805,0,1.0
0,0,0.030246003860191117,0,1.0
0,1,0.6184277592160236,1,1.0
0,0,0.17158673900031193,0,1.0
0,0,0.1502053914242334,0,1.0
0,1,0.2831669135675825,0,1.0
0,0,0.1980649187060282,0,1.0
0,0,0.22191706602532188,0,1.0
0,1,0.6252052177119725,1,1.0
0,0,0.1867419831187363,0,1.0
0,0,0.1479175653108293,0,1.0
0,0,0.1684655185833805,0,1.0
0,0,0.25239427976905526,0,1.0
0,0,0.22979458503621164,0,1.0
0,0,0.09422319139209588,0,1.0
0,1,0.5631736093541233,1,1.0
0,0,0.25089741036608043,0,1.0
0,0,0.3081202760590516,0,1.0
0,0,0.6353124771433711,1,1.0
0,0,0.30354922183203703,0,1.0
0,0,0.3268770237612701,0,1.0
0,0,0.187263992021256,0,1.0
0,0,0.2593584201212337,0,1.0
0,0,0.342208208953146,0,1.0
1,0,0.289578205045642,0,1.0
0,0,0.30591014081735574,0,1.0
0,1,0.6311021135322533,1,1.0
1,0,0.07271863962765034,0,1.0
0,0,0.629585541127866,1,1.0
0,0,0.10124463730265777,0,1.0
0,0,0.14637353572072212,0,1.0
0,0,0.12538712943437305,0,1.0
0,0,0.33104268089569133,0,1.0
0,1,0.5599248164676092,1,1.0
1,0,0.4305729389483163,0,1.0
1,1,0.0034905097245237523,0,1.0
0,0,0.5346171192055572,1,1.0
0,0,0.3458797966830687,0,1.0
0,0,0.11525130756285694,0,1.0
0,0,0.05675547987378086,0,1.0
0,0,0.34137498798697563,0,1.0
0,0,0.21111605868391076,0,1.0
0,0,0.4399715886160927,0,1.0
0,0,0.2145591562669721,0,1.0
0,0,0.618783273548396,1,1.0
0,0,0.21874448317508657,0,1.0
0,0,0.3048844900613142,0,1.0
0,1,0.7213246959955663,1,1.0
0,0,0.3021712235087432,0,1.0
0,1,0.19053206133708364,0,1.0
0,0,0.2058618550169664,0,1.0
0,0,0.14237166049512437,0,1.0
0,0,0.29132471112854164,0,1.0
0,0,0.25593692279887736,0,1.0
1,1,0.7206656967941492,1,1.0
0,0,0.6454979988064993,1,1.0
0,0,0.36701522270844766,0,1.0
0,1,0.471428754868187,0,1.0
0,0,0.06682515324064615,0,1.0
1,0,0.24764890422654562,0,1.0
0,0,0.1299930648364859,0,1.0
0,0,0.19028079247366553,0,1.0
0,1,0.576794346769148,1,1.0
0,0,0.19125860512315132,0,1.0
0,1,0.42550363428116983,0,1.0
0,1,0.6810425262742965,1,1.0
0,0,0.2839508214499231,0,1.0
0,0,0.10977485557142405,0,1.0
0,0,0.38224306960181176,0,1.0
0,1,0.4539290358516877,0,1.0
0,1,0.667193796202773,1,1.0
0,0,0.6868540484169832,1,1.0
0,1,0.02181034699980279,0,1.0
0,0,0.35262747125396615,0,1.0
1,0,0.09742492863278374,0,1.0
0,0,0.24635869423085918,0,1.0
0,0,0.3848839713188347,0,1.0
0,1,0.4059983992902166,0,1.0
0,0,0.11719755608431864,0,1.0
0,0,0.23624334929076551,0,1.0
0,0,0.4964900693446385,0,1.0
0,0,0.1876471021864099,0,1.0
0,1,0.29133646759947035,0,1.0
0,0,0.3593028092541301,0,1.0
0,0,0.5970754365227681,1,1.0
1,0,0.1926345308580794,0,1.0
0,0,0.021932550204055767,0,1.0
0,0,0.14624342459086864,0,1.0
0,0,0.5176592098853345,1,1.0
0,0,0.2967906860590948,0,1.0
0,0,0.34517496129685643,0,1.0
0,0,0.39261370333722756,0,1.0
0,1,0.35731762577198,0,1.0
0,1,0.309124487085329,0,1.0
0,0,0.23516011864743824,0,1.0
0,1,0.26095044615174645,0,1.0
0,0,0.4333014686599516,0,1.0
0,0,0.3740631474350861,0,1.0
0,1,0.4244842025822387,0,1.0
0,1,0.5932092523929188,1,1.0
1,0,0.3734690005196234,0,1.0
0,0,0.06450167901485798,0,1.0
1,0,0.10443886175664856,0,1.0
0,1,0.31721633137797667,0,1.0
0,0,0.25195394091424766,0,1.0
0,0,0.2934798016161624,0,1.0
0,0,0.23840567980021116,0,1.0
0,0,0.07063601960608683,0,1.0
0,1,0.3710856569851045,0,1.0
0,0,0.5029220017385021,1,1.0
0,0,0.23913018273032413,0,1.0
0,1,0.6185776022006149,1,1.0
0,0,0.12509378512589195,0,1.0
0,1,0.3899663732871021,0,1.0
1,0,0.06880292232654953,0,1.0
0,1,0.5459737499997868,1,1.0
0,0,0.2533896554035178,0,1.0
1,0,0.08547755916769165,0,1.0
0,0,0.053355297290269166,0,1.0
0,1,0.24931310957181382,0,1.0
0,1,0.5822314458453213,1,1.0
0,0,0.48373663022566693,0,1.0
0,0,0.4761414529911229,0,1.0
0,0,0.012972219386618668,0,1.0
0,0,0.41821718834118327,0,1.0
0,0,0.07794820848698664,0,1.0
0,0,0.4251045063008388,0,1.0
0,0,0.29673112122026,0,1.0
0,0,0.1904158704084253,0,1.0
0,0,0.2999528530095529,0,1.0
0,1,0.6188022177142297,1,1.0
0,0,0.3687519276855111,0,1.0
0,0,0.19343989350417357,0,1.0
1,0,0.17453064204293806,0,1.0
0,0,0.2115625190410134,0,1.0
0,0,0.21241024925790916,0,1.0
0,1,0.23652796687217154,0,1.0
0,0,0.13349382232919288,0,1.0
0,1,0.5746708655378627,1,1.0
0,0,0.07089597445004434,0,1.0
0,0,0.06656812879151024,0,1.0
0,1,0.6380730270311136,1,1.0
0,0,0.3664908675110886,0,1.0
0,0,0.08522649666030378,0,1.0
0,0,0.3985315945333241,0,1.0
0,0,0.7274154894277632,1,1.0
0,0,0.5602692174879271,1,1.0
0,1,0.3805354593269914,0,1.0
0,1,0.5440524292963578,1,1.0
0,0,0.432252894273045,0,1.0
0,0,0.14557102512150627,0,1.0
0,0,0.23308612948324015,0,1.0
0,0,0.03451599487337591,0,1.0
0,1,0.33991618622852193,0,1.0
0,1,0.3580178847666785,0,1.0
0,0,0.44041220956360505,0,1.0
0,0,0.44413819613496336,0,1.0
0,0,0.413490987094898,0,1.0
0,0,0.47414869960096917,0,1.0
0,0,0.5383727873676621,1,1.0
1,0,0.48045761322758196,0,1.0
0,0,0.6701415889520239,1,1.0
0,0,0.4425455148057663,0,1.0
0,0,0.46516063831785365,0,1.0
0,1,0.6450743650389273,1,1.0
0,1,0.4061572785095843,0,1.0
0,0,0.1456824785840165,0,1.0
0,0,0.2808146576064702,0,1.0
0,1,0.28189905663646236,0,1.0
0,1,0.4911669023529581,0,1.0
0,1,0.4002168500679607,0,1.0
0,0,0.20940071041718752,0,1.0
0,0,0.2543288776342117,0,1.0
1,0,0.08308290004148862,0,1.0
0,0,0.23126882349080596,0,1.0
0,0,0.28301798718821225,0,1.0
0,1,0.3926043176695244,0,1.0
0,0,0.23613083836737067,0,1.0
0,0,0.3447001319966362,0,1.0
0,1,0.3290695051405609,0,1.0
0,1,0.5064520899841324,1,1.0
0,0,0.11581489733369443,0,1.0
0,0,0.012996939459700688,0,1.0
0,0,0.22832015515577903,0,1.0
0,1,0.5385718072061639,1,1.0
0,0,0.19724606295692815,0,1.0
0,0,0.28178797368093844,0,1.0
0,0,0.2148134736093245,0,1.0
0,0,0.437603457505896,0,1.0
0,1,0.5790697258892533,1,1.0
0,0,0.35868765813335796,0,1.0
0,0,0.19609796085625425,0,1.0
0,0,0.2735008600884741,0,1.0
0,0,0.34517496129685643,0,1.0
0,0,0.21300437492802593,0,1.0
0,0,0.2734852099066465,0,1.0
0,1,0.31642628974607745,0,1.0
0,1,0.47659863834497124,0,1.0
0,0,0.11001153934053333,0,1.0
0,0,0.26805705260577894,0,1.0
0,1,0.6474555180749053,1,1.0
1,1,0.11809714791302842,0,1.0
0,1,0.4844247224315679,0,1.0
0,0,0.2823056980575344,0,1.0
0,0,0.45375983872684467,0,1.0
0,0,0.44569488453693457,0,1.0
0,0,0.22303871199711034,0,1.0
0,0,0.2522602548171699,0,1.0
0,0,0.43722823707420627,0,1.0
0,1,0.30527242662578113,0,1.0
0,0,0.35447700984801483,0,1.0
0,1,0.602282937942433,1,1.0
0,0,0.6116454322641743,1,1.0
0,0,0.17698432014378013,0,1.0
0,0,0.25761464530696887,0,1.0
0,0,0.19070490960849207,0,1.0
0,0,0.5599281781001729,1,1.0
0,0,0.5369320835131608,1,1.0
0,0,0.46866209829686667,0,1.0
1,0,0.0773362930944032,0,1.0
0,0,0.09275254739776047,0,1.0
0,0,0.44727803927071397,0,1.0
0,0,0.3364932828948223,0,1.0
0,1,0.5744434742785983,1,1.0
0,1,0.48664341996799493,0,1.0
0,0,0.5274102484607069,1,1.0
0,0,0.3585809965342655,0,1.0
0,0,0.23453816071497557,0,1.0
1,0,0.23218489138685477,0,1.0
0,0,0.4676967355951687,0,1.0
0,0,0.33656540038661636,0,1.0
0,1,0.6627322817915176,1,1.0
0,0,0.2798677731495618,0,1.0
0,0,0.16971856489958567,0,1.0
0,1,0.5337676036583601,1,1.0
0,0,0.3515613799217402,0,1.0
0,1,0.2676461419828198,0,1.0
0,0,0.396318924640481,0,1.0
0,0,0.09459310650522389,0,1.0
0,1,0.1350617738220279,0,1.0
0,1,0.405706612165353,0,1.0
0,0,0.3198940513704244,0,1.0
0,1,0.21644063036400168,0,1.0
0,1,0.5941978002635728,1,1.0
0,1,0.35114525808481656,0,1.0
0,0,0.32471240882578806,0,1.0
0,0,0.18976358226391227,0,1.0
1,0,0.2342633183752921,0,1.0
0,1,0.7975837304301305,1,1.0
0,1,0.43714154275634076,0,1.0
0,1,0.5749561788218253,1,1.0
0,0,0.39329338034006045,0,1.0
1,0,0.04124829851619898,0,1.0
0,0,0.2856158277915377,0,1.0
0,1,0.3127337177136809,0,1.0
0,0,0.1778601891905446,0,1.0
1,0,0.31117072685463804,0,1.0
0,0,0.007960120394810453,0,1.0
0,0,0.18110945936836964,0,1.0
0,0,0.0913581147655095,0,1.0
0,1,0.4248614336624588,0,1.0
0,1,0.2578386030135329,0,1.0
1,0,0.04181187310652333,0,1.0
0,0,0.239871046058781,0,1.0
0,0,0.24537561578310205,0,1.0
1,0,0.24655465671247054,0,1.0
0,0,0.4108263043496921,0,1.0
0,0,0.15105239856352412,0,1.0
1,0,0.04503065817721194,0,1.0
1,0,0.15540937867690488,0,1.0
0,1,0.4504363195709418,0,1.0
0,1,0.2642336296173105,0,1.0
1,1,0.20142210216797346,0,1.0
0,0,0.6158290986567675,1,1.0
1,1,0.39025435582999624,0,1.0
0,0,0.44788343944775294,0,1.0
0,0,0.49028104968847036,0,1.0
0,0,0.42643758167042256,0,1.0
0,0,0.02497523682500604,0,1.0
1,0,0.023870658125387766,0,1.0
0,1,0.35195391389072866,0,1.0
0,1,0.8003545532972591,1,1.0
0,1,0.758855440788672,1,1.0
0,1,0.32396423694585536,0,1.0
0,0,0.20626031774033454,0,1.0
0,0,0.5260198824768002,1,1.0
0,1,0.24078032537977853,0,1.0
0,0,0.2937923424956,0,1.0
0,1,0.8119046273402761,1,1.0
1,0,0.03169122174355102,0,1.0
0,1,0.5599248164676092,1,1.0
0,0,0.25207439654939745,0,1.0
0,1,0.3639720782871817,0,1.0
0,0,0.21851490235173276,0,1.0
0,0,0.3201865052568048,0,1.0
0,0,0.41234304447668985,0,1.0
0,1,0.33326199586485,0,1.0
0,0,0.18840894337952824,0,1.0
0,0,0.44174946044907115,0,1.0
0,1,0.7002677335379013,1,1.0
0,0,0.03631011816915323,0,1.0
0,0,0.17941727656335674,0,1.0
0,1,0.32883903321041175,0,1.0
0,0,0.10058907512399938,0,1.0
0,1,0.21668330747699818,0,1.0
1,0,0.19589747456026027,0,1.0
0,0,0.03602327985141193,0,1.0
0,1,0.7137186206196575,1,1.0
0,1,0.21867591124230004,0,1.0
0,0,0.14930809006486825,0,1.0
0,1,0.3309913459183484,0,1.0
0,1,0.7901084605081535,1,1.0
0,1,0.45668931753134356,0,1.0
1,0,0.11503320687931748,0,1.0
1,0,0.23460448276149157,0,1.0
0,0,0.22154806578518882,0,1.0
0,1,0.07175354104940845,0,1.0
0,1,0.47055971364776744,0,1.0
0,0,0.23417643213005776,0,1.0
0,0,0.5927451982598082,1,1.0
0,1,0.4772184260746334,0,1.0
0,0,0.5130093260295222,1,1.0
0,1,0.6983549352258355,1,1.0
0,0,0.09035363616061179,0,1.0
1,1,0.6426215299271989,1,1.0
1,0,0.18114945967926918,0,1.0
0,1,0.28999901585257803,0,1.0
0,1,0.011655607335798497,0,1.0
0,0,0.012233657099083563,0,1.0
0,0,0.37971905274530676,0,1.0
1,0,0.0507685374083089,0,1.0
0,0,0.40213138034832696,0,1.0
0,0,0.35899999649989767,0,1.0
0,0,0.3428629001646525,0,1.0
0,0,0.7421440717770523,1,1.0
0,0,0.32054519197557474,0,1.0
0,1,0.29725013394535205,0,1.0
0,1,0.26045947977291634,0,1.0
0,0,0.09948991648707604,0,1.0
0,1,0.18532130955890835,0,1.0
0,1,0.24845709140810493,0,1.0
1,0,0.08735232847311307,0,1.0
0,1,0.5376132609003526,1,1.0
0,0,0.5027431691772364,1,1.0
0,1,0.3464959083800773,0,1.0
0,1,0.586302478885668,1,1.0
1,1,0.1817608504081416,0,1.0
0,0,0.20861106272751148,0,1.0
0,0,0.22278798150251558,0,1.0
0,1,0.36051650342038244,0,1.0
0,0,0.6305639729525342,1,1.0
0,1,0.599312568833773,1,1.0
0,1,0.6027722428803441,1,1.0
0,0,0.1661450708065174,0,1.0
0,0,0.3290781948380548,0,1.0
0,1,0.37509674419065153,0,1.0
0,1,0.19053206133708364,0,1.0
0,0,0.20899577641284706,0,1.0
0,0,0.6465161947942002,1,1.0
0,1,0.5206764136135277,1,1.0
0,0,0.39669303808083645,0,1.0
0,0,0.1771872537438974,0,1.0
0,1,0.36194288309036643,0,1.0
0,1,0.2757779480474849,0,1.0
0,0,0.06503853440001739,0,1.0
1,0,0.09748482808497001,0,1.0
0,1,0.22043294174416228,0,1.0
1,1,0.36011966961053504,0,1.0
0,0,0.2875987787335734,0,1.0
0,1,0.33838891220230033,0,1.0
0,1,0.2899785510888869,0,1.0
0,1,0.5523218826912953,1,1.0
0,0,0.1662188923729024,0,1.0
0,0,0.34469236883674653,0,1.0
0,0,0.09815301834151842,0,1.0
0,0,0.3003919805917509,0,1.0
0,1,0.6660113985826918,1,1.0
0,1,0.3256145198957723,0,1.0
0,0,0.41357811103804865,0,1.0
1,0,0.4138373049808318,0,1.0
0,1,0.2603371761247864,0,1.0
0,1,0.4083085012686651,0,1.0
1,0,0.1472909298228828,0,1.0
0,1,0.7039983084537215,1,1.0
1,0,0.1749771861609131,0,1.0
0,0,0.20970788612196203,0,1.0
0,0,0.13770776723792783,0,1.0
0,0,0.3257812364156915,0,1.0
0,0,0.3229592277263729,0,1.0
0,0,0.18952665911343777,0,1.0
0,1,0.2372053799665875,0,1.0
0,1,0.22071983692801297,0,1.0
0,1,0.6097571515011471,1,1.0
0,1,0.5640684681984571,1,1.0
0,0,0.30230514795796615,0,1.0
0,0,0.34094436037116715,0,1.0
0,0,0.2851199526229356,0,1.0
0,1,0.4468963701785752,0,1.0
0,0,0.017861147213325993,0,1.0
0,0,0.07313948451620395,0,1.0
0,0,0.05160709175535283,0,1.0
0,0,0.41735899697608064,0,1.0
0,0,0.0953817587510333,0,1.0
1,0,0.09319500596634221,0,1.0
0,0,0.006997203062935857,0,1.0
1,1,0.09556795817905273,0,1.0
0,0,0.37819153392497407,0,1.0
0,0,0.013394997816901328,0,1.0
0,1,0.5914893473033688,1,1.0
1,0,0.3132801364167267,0,1.0
0,0,0.14459808068924243,0,1.0
0,0,0.057121053203877094,0,1.0
0,0,0.5013868979634817,1,1.0
0,1,0.22156777573271047,0,1.0
0,0,0.20555057366322807,0,1.0
1,1,0.2096869586080306,0,1.0
0,1,0.717681514558061,1,1.0
0,0,0.6498404400268787,1,1.0
0,0,0.12239111754381267,0,1.0
0,0,0.24372783907564655,0,1.0
0,0,0.011049663873278031,0,1.0
0,1,0.5755088540230497,1,1.0
0,0,0.16188247602398348,0,1.0
0,0,0.1285245653420586,0,1.0
0,0,0.19899995394548775,0,1.0
0,0,0.05313903569847458,0,1.0
0,0,0.23086961220494917,0,1.0
1,0,0.10348110887957826,0,1.0
0,0,0.19176651686524476,0,1.0
0,0,0.2643355371863297,0,1.0
0,1,0.3012214976291732,0,1.0
0,1,0.21573282705836377,0,1.0
0,0,0.2298432196758088,0,1.0
0,0,0.1638932489562494,0,1.0
0,0,0.414869287751161,0,1.0
0,1,0.17869534690873748,0,1.0
0,0,0.19456640650327323,0,1.0
0,0,0.5826549890043171,1,1.0
0,1,0.6255914847459152,1,1.0
1,0,0.08989978497052209,0,1.0
0,1,0.3922956723571969,0,1.0
0,1,0.2692174318790769,0,1.0
0,1,0.4852083009158274,0,1.0
0,0,0.3349357228383297,0,1.0
0,0,0.45511890203177907,0,1.0
0,0,0.33278588721906976,0,1.0
1,1,0.20316986340097326,0,1.0
0,1,0.3952008203345045,0,1.0
0,1,0.19053206133708364,0,1.0
0,0,0.48529878030928747,0,1.0
1,0,0.16822721002015942,0,1.0
0,0,0.08751120173760968,0,1.0
0,0,0.15225047154200969,0,1.0
0,0,0.334797610020195,0,1.0
0,1,0.40187507395860933,0,1.0
0,0,0.3248290281430877,0,1.0
0,1,0.6060492278710008,1,1.0
0,1,0.3750251302245911,0,1.0
0,0,0.09858410848781231,0,1.0
0,1,0.25631496013480765,0,1.0
0,1,0.3271013739654749,0,1.0
0,1,0.06684461505639593,0,1.0
0,0,0.2678857244295331,0,1.0
0,0,0.1836231612880087,0,1.0
0,0,0.18477174906304777,0,1.0
0,0,0.31731900805390545,0,1.0
1,0,0.07533041262408789,0,1.0
0,1,0.24330719651204394,0,1.0
0,0,0.35632668605802714,0,1.0
0,0,0.39117218678062465,0,1.0
1,0,0.1668377966811806,0,1.0
0,0,0.5534138959559384,1,1.0
1,0,0.2048171455830089,0,1.0
0,1,0.1600837124514651,0,1.0
0,0,0.32152384314526433,0,1.0
0,0,0.25361769243640087,0,1.0
0,0,0.11385015420972167,0,1.0
0,0,0.32215431969105174,0,1.0
0,0,0.3296050915534569,0,1.0
0,0,0.19114384792936026,0,1.0
0,1,0.36210427716134747,0,1.0
0,0,0.24538940255288272,0,1.0
0,0,0.23820268214179632,0,1.0
0,0,0.3967250742723876,0,1.0
0,0,0.046752417025750025,0,1.0
0,0,0.3402808209501135,0,1.0
0,0,0.24964024134273424,0,1.0
0,0,0.5209714690137186,1,1.0
0,0,0.2458809862959397,0,1.0
0,0,0.17589369096673144,0,1.0
0,0,0.3669734757762455,0,1.0
0,0,0.29416638758140007,0,1.0
0,1,0.3129406956404548,0,1.0
0,0,0.27195796661139404,0,1.0
0,0,0.06888051679445617,0,1.0
1,0,0.196745541389704,0,1.0
0,1,0.5990075355933488,1,1.0
0,0,0.32844596502364726,0,1.0
0,0,0.08934964583783521,0,1.0
0,0,0.09368624672573089,0,1.0
0,1,0.2991695652939282,0,1.0
0,0,0.34354076882189377,0,1.0
1,0,0.02604154412487467,0,1.0
0,1,0.5021417995624466,1,1.0
0,0,0.2862203493939463,0,1.0
0,0,0.15001176116507614,0,1.0
0,0,0.352825590902842,0,1.0
0,1,0.38908480061554224,0,1.0
0,1,0.5141005653573171,1,1.0
0,0,0.31596563897129104,0,1.0
0,0,0.6099299272177893,1,1.0
0,1,0.3413090821749131,0,1.0
0,1,0.12657217909937576,0,1.0
0,0,0.29722937169598473,0,1.0
0,0,0.4380018411193968,0,1.0
1,0,0.1294578450554063,0,1.0
0,0,0.49414640619942535,0,1.0
0,0,0.1296391251585737,0,1.0
0,1,0.5276837719412166,1,1.0
0,0,0.20523821417276572,0,1.0
0,0,0.5430779550180803,1,1.0
1,0,0.12807148352720768,0,1.0
0,0,0.23326198978503415,0,1.0
0,0,0.25034042605487905,0,1.0
1,1,0.3259257770186294,0,1.0
0,0,0.31337037389141076,0,1.0
0,0,0.26451354017313233,0,1.0
0,0,0.43208157654019336,0,1.0
0,1,0.272991270145753,0,1.0
0,1,0.35970728121496903,0,1.0
1,0,0.09740050992081409,0,1.0
1,0,0.07383792070354167,0,1.0
0,0,0.4088484050085339,0,1.0
0,1,0.40505331078729445,0,1.0
0,0,0.20050147465995433,0,1.0
0,0,0.23722320384857404,0,1.0
0,1,0.13980484302776744,0,1.0
0,0,0.2366568917961488,0,1.0
0,0,0.2694981247109253,0,1.0
1,0,0.19472541858732084,0,1.0
0,1,0.36416978991311555,0,1.0
0,1,0.5130048506814489,1,1.0
0,0,0.3526968856283122,0,1.0
0,0,0.5632857795027001,1,1.0
0,0,0.4991732730470943,0,1.0
0,0,0.2711429731502435,0,1.0
0,0,0.20899577641284706,0,1.0
0,0,0.2237896993824638,0,1.0
0,0,0.08522649666030378,0,1.0
1,0,0.14438632143006067,0,1.0
0,1,0.705159959332456,1,1.0
0,1,0.30531532417535545,0,1.0
0,0,0.2746356017695699,0,1.0
0,0,0.4021639104411095,0,1.0
0,0,0.2372202511090463,0,1.0
1,1,0.0034905097245237523,0,1.0
1,0,0.10264380236542904,0,1.0
0,0,0.34096187898157726,0,1.0
0,0,0.47189280449971116,0,1.0
0,0,0.13386236694236656,0,1.0
0,1,0.390670586598663,0,1.0
0,1,0.3841854892360208,0,1.0
0,1,0.4614646886320281,0,1.0
0,0,0.18692404786127179,0,1.0
0,1,0.3752456096214821,0,1.0
0,0,0.40300274486838167,0,1.0
0,0,0.12062094724736883,0,1.0
0,0,0.13411769737547244,0,1.0
1,0,0.1974802861819413,0,1.0
0,0,0.03752282668012089,0,1.0
0,0,0.2179323659776318,0,1.0
0,0,0.012485096761226019,0,1.0
0,1,0.3170439360288455,0,1.0
0,0,0.13866628204780374,0,1.0
0,0,0.2851945336941589,0,1.0
0,0,0.046680530649613174,0,1.0
0,0,0.470056116806614,0,1.0
1,0,0.07932268712083183,0,1.0
0,0,0.34767706930277276,0,1.0
0,0,0.23365769327085248,0,1.0
0,1,0.5282890949914705,1,1.0
0,0,0.34249509756861535,0,1.0
1,1,0.13053966874372594,0,1.0
0,0,0.11973573810917544,0,1.0
0,0,0.14605963581026926,0,1.0
0,1,0.4325454570748613,0,1.0
0,0,0.42764707617696773,0,1.0
0,0,0.6075399577275677,1,1.0
0,0,0.519450717459644,1,1.0
0,0,0.36518913819792104,0,1.0
0,0,0.2955619999713372,0,1.0
0,0,0.44413819613496336,0,1.0
0,0,0.14985197735011288,0,1.0
0,0,0.4278406012255601,0,1.0
0,0,0.317672294546135,0,1.0
0,0,0.37769064727166074,0,1.0
0,1,0.4160344060373295,0,1.0
0,0,0.20922598923682373,0,1.0
0,1,0.10664491629484704,0,1.0
0,1,0.5915719459474984,1,1.0
0,0,0.02085447474401401,0,1.0
0,0,0.3605021717834021,0,1.0
0,0,0.46064246014244187,0,1.0
0,0,0.2680411497450652,0,1.0
0,0,0.1494390611757436,0,1.0
0,0,0.04963334068153386,0,1.0
1,1,0.09786338242866521,0,1.0
0,1,0.3000194025883798,0,1.0
0,0,0.33222325888600307,0,1.0
0,0,0.2245669473720875,0,1.0
0,1,0.2915395698983027,0,1.0
0,0,0.11869209485217273,0,1.0
1,0,0.22481344543918289,0,1.0
0,1,0.2766828728910864,0,1.0
0,0,0.5703960481212501,1,1.0
0,1,0.20721755515137977,0,1.0
1,0,0.2701215775812228,0,1.0
0,0,0.27126298166499896,0,1.0
0,0,0.5028487059727061,1,1.0
0,1,0.2305960065028252,0,1.0
0,1,0.6820211975470484,1,1.0
1,0,0.1702934827582535,0,1.0
0,0,0.20124566386090942,0,1.0
0,0,0.011782444408151706,0,1.0
0,0,0.3549713488790456,0,1.0
0,0,0.3437230708234407,0,1.0
0,0,0.21676187873636743,0,1.0
0,0,0.17616725556569912,0,1.0
0,1,0.635899100007459,1,1.0
0,1,0.2429003310654491,0,1.0
0,0,0.1874452870522842,0,1.0
0,0,0.1925307064848189,0,1.0
1,0,0.09077565450928515,0,1.0
0,0,0.22185689745348772,0,1.0
0,0,0.2703364853260787,0,1.0
1,1,0.3172882012281329,0,1.0
0,0,0.0895893273417925,0,1.0
0,1,0.5611785953495003,1,1.0
0,0,0.3362931005953546,0,1.0
0,0,0.1894028557522629,0,1.0
0,0,0.709825615476402,1,1.0
0,1,0.2634682165943781,0,1.0
0,0,0.7324087179930305,1,1.0
0,0,0.2717065663349392,0,1.0
0,0,0.25002008603564535,0,1.0
0,1,0.29926196642633374,0,1.0
0,0,0.23147413019270333,0,1.0
0,1,0.2926277579375259,0,1.0
1,0,0.3498492783309227,0,1.0
0,0,0.30204022898749455,0,1.0
0,1,0.38272182173385433,0,1.0
0,0,0.4281934393057067,0,1.0
0,0,0.3270621917155067,0,1.0
0,0,0.23942555700240264,0,1.0
0,0,0.23954121813302565,0,1.0
0,0,0.10899768941251048,0,1.0
0,0,0.31425508979444267,0,1.0
0,0,0.24233579474428824,0,1.0
0,0,0.18144204454968094,0,1.0
0,0,0.5994650566145269,1,1.0
0,1,0.36981467784471406,0,1.0
0,0,0.14661944025608176,0,1.0
0,1,0.34010104523136925,0,1.0
0,0,0.02297620441927357,0,1.0
0,0,0.007226504952101092,0,1.0
0,0,0.20847594895327448,0,1.0
0,0,0.24346575991121897,0,1.0
0,0,0.3141652734158887,0,1.0
0,1,0.05886632782354707,0,1.0
0,0,0.36583495445148656,0,1.0
1,0,0.08099533972085565,0,1.0
0,0,0.07407079279630217,0,1.0
0,0,0.12867425497060472,0,1.0
0,1,0.1188615769108643,0,1.0
0,0,0.08779211952992313,0,1.0
0,0,0.17186048714692098,0,1.0
1,1,0.23463569361253064,0,1.0
0,0,0.4304914634943527,0,1.0
1,0,0.15341564535292568,0,1.0
0,0,0.18973988779857856,0,1.0
1,0,0.101858272807099,0,1.0
0,1,0.2906908415576251,0,1.0
0,1,0.4927571259781474,0,1.0
0,1,0.5196092360664784,1,1.0
0,0,0.39661050932853603,0,1.0
0,1,0.684008715505568,1,1.0
0,0,0.2268545973559017,0,1.0
0,0,0.3459288796418644,0,1.0
0,0,0.32311931025606927,0,1.0
0,0,0.32556003376871756,0,1.0
0,1,0.2508357537531514,0,1.0
0,1,0.5704650650624012,1,1.0
0,0,0.19771394094155018,0,1.0
1,0,0.3008992302005786,0,1.0
0,1,0.3221293837769595,0,1.0
0,0,0.35580066741406974,0,1.0
0,0,0.45071782722582593,0,1.0
0,0,0.3594385207545072,0,1.0
0,0,0.05648830547448559,0,1.0
0,0,0.25643269402923363,0,1.0
1,1,0.6151630644693583,1,1.0
0,0,0.32453475139342863,0,1.0
0,0,0.1958634970351671,0,1.0
0,1,0.5907604785482959,1,1.0
1,0,0.27478859825714036,0,1.0
0,1,0.7112786405523126,1,1.0
0,0,0.2855288177908171,0,1.0
0,1,0.5363260697556625,1,1.0
0,0,0.6113532292894593,1,1.0
0,1,0.24868502269838694,0,1.0
1,1,0.2774729380953664,0,1.0
0,1,0.10694848616105905,0,1.0
0,1,0.6530377855098696,1,1.0
0,0,0.2058618550169664,0,1.0
1,0,0.08683751473346928,0,1.0
0,1,0.28999901585257803,0,1.0
0,0,0.11305716835160569,0,1.0
0,1,0.48480107721135873,0,1.0
0,0,0.027576308691823204,0,1.0
1,0,0.17331699241623383,0,1.0
0,1,0.13034479840851865,0,1.0
0,1,0.5464488235526797,1,1.0
0,1,0.6953864888801374,1,1.0
0,0,0.44482114686848134,0,1.0
0,1,0.5981303344486951,1,1.0
0,0,0.19805391417563237,0,1.0
0,0,0.12984473000264177,0,1.0
0,1,0.39384583786832145,0,1.0
0,1,0.5573000003023081,1,1.0
0,1,0.5629742526684793,1,1.0
0,0,0.25159371874440606,0,1.0
0,1,0.1462960013622488,0,1.0
0,0,0.033481784553693404,0,1.0
0,1,0.718663387379735,1,1.0
0,0,0.08321955606813873,0,1.0
0,1,0.16094847861750047,0,1.0
0,0,0.13484004811717634,0,1.0
0,0,0.538059042400837,1,1.0
0,1,0.4014988577738108,0,1.0
0,0,0.20989746023300632,0,1.0
0,0,0.3736531212785258,0,1.0
0,0,0.43033577771681386,0,1.0
0,0,0.3675158259285265,0,1.0
0,0,0.5737531920258999,1,1.0
1,1,0.6252112577721816,1,1.0
0,0,0.2414097672391903,0,1.0
0,0,0.054480754887650404,0,1.0
0,0,0.3362939884776029,0,1.0
1,0,0.07379626105636848,0,1.0
1,0,0.10000049997852574,0,1.0
0,0,0.26477426817121963,0,1.0
1,0,0.19516066744789318,0,1.0
0,0,0.30257172329210896,0,1.0
1,0,0.1907870093356538,0,1.0
0,1,0.43888348845662956,0,1.0
0,1,0.4748223750108753,0,1.0
0,0,0.0595626341151873,0,1.0
1,1,0.30518340062414523,0,1.0
0,1,0.6419804371900668,1,1.0
0,1,0.23137308964424752,0,1.0
0,1,0.16450760790756075,0,1.0
0,0,0.15286350456962514,0,1.0
0,0,0.5916427837065829,1,1.0
0,0,0.09940163997290949,0,1.0
0,1,0.47654071027420253,0,1.0
0,0,0.2910743156253302,0,1.0
0,0,0.3573193895228639,0,1.0
0,1,0.5504070745038188,1,1.0
0,0,0.35712093127011524,0,1.0
0,1,0.3940780307388385,0,1.0
0,0,0.23377142448530505,0,1.0
0,0,0.4961287478126432,0,1.0
1,0,0.05458626075873977,0,1.0
0,0,0.3448879411054172,0,1.0
0,0,0.13754231225581273,0,1.0
0,0,0.41385946277129726,0,1.0
0,0,0.6582932695707884,1,1.0
0,1,0.5516384565777298,1,1.0
0,0,0.2598368033579371,0,1.0
0,0,0.36113466966341445,0,1.0
0,1,0.6862062131260428,1,1.0
0,1,0.052193390599160464,0,1.0
0,1,0.1325857963911545,0,1.0
0,0,0.061644645556836575,0,1.0
0,0,0.5260292909791916,1,1.0
0,0,0.04847777735859571,0,1.0
0,0,0.3043380854138603,0,1.0
0,0,0.11174708704300831,0,1.0
0,0,0.5052657132541954,1,1.0
1,0,0.03683109057919557,0,1.0
0,1,0.6649920543902931,1,1.0
0,1,0.5831138594143119,1,1.0
0,1,0.28301798718821225,0,1.0
1,0,0.24137510535782908,0,1.0
0,1,0.2037983121106465,0,1.0
0,1,0.41340508381790236,0,1.0
0,0,0.3486443455594511,0,1.0
0,0,0.36766345285437185,0,1.0
0,0,0.3678907161083615,0,1.0
0,1,0.6779548629261593,1,1.0
0,0,0.12550674230846157,0,1.0
0,0,0.2099604651351995,0,1.0
0,0,0.033469127597574984,0,1.0
0,0,0.37733714105089167,0,1.0
0,0,0.261797046322446,0,1.0
0,1,0.12292156226368335,0,1.0
0,1,0.2811193998228534,0,1.0
0,0,0.4445518873225272,0,1.0
0,0,0.32037530986741203,0,1.0
0,0,0.6422983254074252,1,1.0
0,0,0.36883817333676905,0,1.0
1,0,0.1325025729260895,0,1.0
0,0,0.29416638758140007,0,1.0
0,1,0.6223284457430576,1,1.0
0,1,0.161363797567393,0,1.0
0,0,0.2092237671588387,0,1.0
1,0,0.2908814184094619,0,1.0
0,0,0.2522602548171699,0,1.0
0,1,0.5551252244281162,1,1.0
0,1,0.5584102123579503,1,1.0
0,0,0.23444384610134994,0,1.0
1,1,0.3661738332036372,0,1.0
0,0,0.3130702315331951,0,1.0
0,1,0.3437598269287621,0,1.0
0,0,0.4061572785095843,0,1.0
0,1,0.2544602068271675,0,1.0
0,1,0.24868502269838694,0,1.0
0,0,0.06859606319492548,0,1.0
0,0,0.15459504548326744,0,1.0
1,1,0.14176872968435988,0,1.0
0,0,0.23338091647466663,0,1.0
0,0,0.5540113892894492,1,1.0
0,0,0.3179954641157542,0,1.0
0,0,0.33887796710348295,0,1.0
0,0,0.1976560649419575,0,1.0
1,1,0.2160601920023004,0,1.0
0,0,0.33057752932382295,0,1.0
0,0,0.24550701472126024,0,1.0
0,0,0.3057964187014812,0,1.0
0,0,0.2990096652933114,0,1.0
1,0,0.4584470894112863,0,1.0
0,1,0.4296985325204541,0,1.0
0,0,0.04778206156712872,0,1.0
0,0,0.44039619637195765,0,1.0
0,0,0.4339536246073319,0,1.0
0,0,0.7213009609033606,1,1.0
0,0,0.15831613555232607,0,1.0
0,0,0.23619370306362283,0,1.0
1,0,0.3984106768692623,0,1.0
0,0,0.14303840079229396,0,1.0
0,0,0.3114388290035859,0,1.0
0,0,0.44794345889536175,0,1.0
0,0,0.2058618550169664,0,1.0
1,0,0.030469491179241245,0,1.0
0,0,0.16014505191735628,0,1.0
0,0,0.05489617039358499,0,1.0
0,0,0.4587390022206053,0,1.0
1,0,0.10443886175664856,0,1.0
0,0,0.2090803149706819,0,1.0
0,0,0.4868458579958662,0,1.0
1,0,0.12513001392988424,0,1.0
1,1,0.104499240660246,0,1.0
0,1,0.6914225463363257,1,1.0
1,0,0.20471649711411258,0,1.0
0,0,0.15431510919746105,0,1.0
0,1,0.3905916491789866,0,1.0
0,1,0.44981418648621013,0,1.0
1,1,0.4908813521532807,0,1.0
0,0,0.3271924081322903,0,1.0
0,0,0.19821204661413033,0,1.0
0,0,0.5715464198452604,1,1.0
0,1,0.25244067300325973,0,1.0
0,0,0.5258794756541504,1,1.0
0,1,0.2148134736093245,0,1.0
0,0,0.2820897300720039,0,1.0
0,1,0.6820170093688983,1,1.0
0,0,0.22330946934802362,0,1.0
1,0,0.09077565450928515,0,1.0
0,0,0.2549360028344842,0,1.0
0,0,0.12157522917754275,0,1.0
0,1,0.33938427271551014,0,1.0
0,0,0.2642195020653332,0,1.0
0,0,0.46844187204950394,0,1.0
0,1,0.302234308411839,0,1.0
0,1,0.39771918382911414,0,1.0
